id,data_inversa,dia_semana,horario,uf,br,km,municipio,elemento_transito,causa_acidente,tipo_acidente,classificacao_acidente,fase_dia,condicao_metereologica,tipo_pista,tracado_via,uso_solo,pessoas,mortos,feridos_leves,feridos_graves,ilesos,ignorados,feridos,veiculos,latitude,longitude
39835,2017-05-23 00:00:00.000,"terça-feira",1899-12-30 06:20:00.000,"MG","50",172,"UBERABA","Homem","Falta de Atenção à Condução","Queda de ocupante de veículo","Com Vítimas Feridas","Amanhecer","Céu Claro","Dupla","Reta","Urbano",1,0,1,0,0,0,1,1,-19.75951576,-47.97840177
40928,2017-05-27 00:00:00.000,"sábado",1899-12-30 10:30:00.000,"MG","381",546,"ITATIAIUCU","Homem","Falta de Atenção à Condução","Queda de ocupante de veículo","Com Vítimas Feridas","Pleno dia","Céu Claro","Dupla","Reta","Rural",1,0,1,0,0,0,1,1,-20.2696,-44.4245
41085,2017-05-27 00:00:00.000,"sábado",1899-12-30 18:05:00.000,"MG","40",684,"RESSAQUINHA","Homem","Falta de Atenção à Condução","Queda de ocupante de veículo","Com Vítimas Feridas","Plena Noite","Céu Claro","Simples","Reta","Rural",1,0,1,0,0,0,1,1,-21.08936686,-43.77166657
47395,2017-06-19 00:00:00.000,"segunda-feira",1899-12-30 08:45:00.000,"MG","381",925,"ITAPEVA","Homem","Falta de Atenção à Condução","Queda de ocupante de veículo","Com Vítimas Feridas","Pleno dia","Céu Claro","Dupla","Reta","Rural",1,0,1,0,0,0,1,1,-22.77093851,-46.19827059
48920,2017-06-24 00:00:00.000,"sábado",1899-12-30 22:25:00.000,"MG","40",511,"RIBEIRAO DAS NEVES","Homem","Falta de Atenção à Condução","Queda de ocupante de veículo","Com Vítimas Feridas","Plena Noite","Céu Claro","Dupla","Reta","Urbano",1,0,1,0,0,0,1,1,-19.7856,-44.1151
51154,2017-07-02 00:00:00.000,"domingo",1899-12-30 19:20:00.000,"MG","50",82,"UBERLANDIA","Homem","Falta de Atenção à Condução","Queda de ocupante de veículo","Com Vítimas Feridas","Plena Noite","Céu Claro","Dupla","Reta","Rural",1,0,1,0,0,0,1,1,-18.9812,-48.2129
57218,2017-07-26 00:00:00.000,"quarta-feira",1899-12-30 13:30:00.000,"MG","40",129,"JOAO PINHEIRO","Homem","Falta de Atenção à Condução","Queda de ocupante de veículo","Com Vítimas Feridas","Pleno dia","Céu Claro","Simples","Reta","Urbano",1,0,1,0,0,0,1,1,-17.70525969,-46.28930125
57863,2017-07-28 00:00:00.000,"sexta-feira",1899-12-30 22:45:00.000,"MG","40",704,"BARBACENA","Homem","Falta de Atenção à Condução","Queda de ocupante de veículo","Com Vítimas Feridas","Plena Noite","Céu Claro","Dupla","Reta","Rural",1,0,1,0,0,0,1,1,-21.24153822,-43.72160132
58032,2017-07-29 00:00:00.000,"sábado",1899-12-30 06:15:00.000,"MG","262",442,"NOVA SERRANA","Homem","Falta de Atenção à Condução","Queda de ocupante de veículo","Com Vítimas Feridas","Amanhecer","Céu Claro","Dupla","Reta","Urbano",1,0,1,0,0,0,1,1,-19.8713211,-44.97285957
65594,2017-08-27 00:00:00.000,"domingo",1899-12-30 17:20:00.000,"MG","50",176,"UBERABA","Homem","Falta de Atenção à Condução","Queda de ocupante de veículo","Com Vítimas Feridas","Anoitecer","Céu Claro","Dupla","Reta","Urbano",1,0,1,0,0,0,1,1,-19.7793,-47.9605
68634,2017-09-08 00:00:00.000,"sexta-feira",1899-12-30 12:30:00.000,"MG","40",532,"BELO HORIZONTE","Homem","Falta de Atenção à Condução","Queda de ocupante de veículo","Com Vítimas Feridas","Pleno dia","Céu Claro","Dupla","Reta","Urbano",1,0,1,0,0,0,1,1,-19.9248,-44.0138
69496,2017-09-11 00:00:00.000,"segunda-feira",1899-12-30 17:15:00.000,"MG","365",518,"MONTE CARMELO","Homem","Falta de Atenção à Condução","Queda de ocupante de veículo","Com Vítimas Feridas","Anoitecer","Céu Claro","Simples","Reta","Rural",1,0,1,0,0,0,1,1,-18.916325,-47.350437
70951,2017-09-17 00:00:00.000,"domingo",1899-12-30 11:30:00.000,"MG","50",28,"ARAGUARI","Homem","Falta de Atenção à Condução","Queda de ocupante de veículo","Com Vítimas Feridas","Pleno dia","Céu Claro","Dupla","Reta","Rural",1,0,1,0,0,0,1,1,-18.61773817,-48.11747789
72653,2017-09-24 00:00:00.000,"domingo",1899-12-30 08:20:00.000,"MG","381",545,"ITATIAIUCU","Homem","Falta de Atenção à Condução","Queda de ocupante de veículo","Com Vítimas Feridas","Pleno dia","Céu Claro","Dupla","Reta","Rural",1,0,1,0,0,0,1,1,-20.2602,-44.4208
78383,2017-10-15 00:00:00.000,"domingo",1899-12-30 06:35:00.000,"MG","381",823,"CAREACU","Homem","Falta de Atenção à Condução","Queda de ocupante de veículo","Com Vítimas Feridas","Amanhecer","Céu Claro","Dupla","Reta","Rural",1,0,1,0,0,0,1,1,-22.097,-45.7161
80251,2017-10-22 00:00:00.000,"domingo",1899-12-30 11:00:00.000,"MG","381",562,"ITAGUARA","Homem","Falta de Atenção à Condução","Queda de ocupante de veículo","Com Vítimas Feridas","Pleno dia","Céu Claro","Dupla","Reta","Rural",1,0,1,0,0,0,1,1,-20.3778,-44.4764
83393,2017-11-03 00:00:00.000,"sexta-feira",1899-12-30 15:50:00.000,"MG","381",481,"CONTAGEM","Homem","Falta de Atenção à Condução","Queda de ocupante de veículo","Com Vítimas Feridas","Pleno dia","Céu Claro","Dupla","Reta","Urbano",1,0,1,0,0,0,1,1,-19.95864991,-44.06549823
86341,2017-11-15 00:00:00.000,"quarta-feira",1899-12-30 11:55:00.000,"MG","381",888,"CAMBUI","Homem","Falta de Atenção à Condução","Queda de ocupante de veículo","Com Vítimas Feridas","Pleno dia","Céu Claro","Dupla","Reta","Rural",1,0,1,0,0,0,1,1,-22.52736522,-46.02627312
86776,2017-11-17 00:00:00.000,"sexta-feira",1899-12-30 12:40:00.000,"MG","381",588,"CARMOPOLIS DE MINAS","Homem","Falta de Atenção à Condução","Queda de ocupante de veículo","Com Vítimas Feridas","Pleno dia","Céu Claro","Dupla","Reta","Rural",1,0,1,0,0,0,1,1,-20.5329,-44.6393
98002,2017-12-25 00:00:00.000,"segunda-feira",1899-12-30 06:50:00.000,"MG","381",583,"CARMOPOLIS DE MINAS","Homem","Falta de Atenção à Condução","Queda de ocupante de veículo","Com Vítimas Feridas","Pleno dia","Céu Claro","Dupla","Reta","Rural",1,0,1,0,0,0,1,1,-20.50646051,-44.61007118
99417,2017-12-30 00:00:00.000,"sábado",1899-12-30 04:50:00.000,"MG","116",277,"TEOFILO OTONI","Homem","Falta de Atenção à Condução","Queda de ocupante de veículo","Com Vítimas Feridas","Plena Noite","Céu Claro","Múltipla","Reta","Rural",1,0,1,0,0,0,1,1,-17.8521,-41.5141
102666,2018-01-11 00:00:00.000,"quinta-feira",1899-12-30 13:40:00.000,"MG","356",265,"MURIAE","Homem","Falta de Atenção à Condução","Queda de ocupante de veículo","Com Vítimas Feridas","Pleno dia","Céu Claro","Simples","Reta","Urbano",1,0,1,0,0,0,1,1,-21.1299,-42.3671
104098,2018-01-17 00:00:00.000,"quarta-feira",1899-12-30 09:00:00.000,"MG","116",706,"MURIAE","Homem","Falta de Atenção à Condução","Queda de ocupante de veículo","Com Vítimas Feridas","Pleno dia","Céu Claro","Simples","Reta","Urbano",1,0,1,0,0,0,1,1,-21.1299,-42.3671
106890,2018-01-28 00:00:00.000,"domingo",1899-12-30 18:30:00.000,"MG","50",21,"UBERLANDIA","Homem","Falta de Atenção à Condução","Queda de ocupante de veículo","Com Vítimas Feridas","Pleno dia","Céu Claro","Dupla","Reta","Rural",1,0,1,0,0,0,1,1,-18.85992497,-48.25696349
117665,2018-03-12 00:00:00.000,"segunda-feira",1899-12-30 01:00:00.000,"MG","381",575,"ITAGUARA","Homem","Falta de Atenção à Condução","Queda de ocupante de veículo","Com Vítimas Feridas","Plena Noite","Céu Claro","Dupla","Reta","Rural",1,0,1,0,0,0,1,1,-20.4563,-44.5696
122398,2018-03-31 00:00:00.000,"sábado",1899-12-30 22:30:00.000,"MG","50",57,"UBERLANDIA","Homem","Falta de Atenção à Condução","Queda de ocupante de veículo","Com Vítimas Feridas","Plena Noite","Céu Claro","Dupla","Reta","Rural",1,0,1,0,0,0,1,1,-18.798,-48.2364
124346,2018-04-07 00:00:00.000,"sábado",1899-12-30 17:40:00.000,"MG","262",443,"NOVA SERRANA","Homem","Falta de Atenção à Condução","Queda de ocupante de veículo","Com Vítimas Feridas","Anoitecer","Céu Claro","Simples","Reta","Rural",1,0,1,0,0,0,1,1,-19.880623,-44.912323
129700,2018-04-23 00:00:00.000,"segunda-feira",1899-12-30 07:15:00.000,"MG","40",517,"RIBEIRAO DAS NEVES","Homem","Falta de Atenção à Condução","Queda de ocupante de veículo","Com Vítimas Feridas","Pleno dia","Céu Claro","Dupla","Reta","Urbano",1,0,1,0,0,0,1,1,-19.8284349,-44.0836898
132232,2018-05-05 00:00:00.000,"sábado",1899-12-30 11:30:00.000,"MG","381",496,"BETIM","Homem","Falta de Atenção à Condução","Queda de ocupante de veículo","Com Vítimas Feridas","Pleno dia","Céu Claro","Dupla","Reta","Rural",1,0,1,0,0,0,1,1,-19.98819102,-44.18117523
137749,2018-06-03 00:00:00.000,"domingo",1899-12-30 23:10:00.000,"MG","40",506,"RIBEIRAO DAS NEVES","Homem","Falta de Atenção à Condução","Queda de ocupante de veículo","Com Vítimas Feridas","Plena Noite","Céu Claro","Dupla","Reta","Urbano",1,0,1,0,0,0,1,1,-19.759,-44.137
139935,2018-06-13 00:00:00.000,"quarta-feira",1899-12-30 11:22:00.000,"MG","381",787,"SAO GONCALO DO SAPUCAI","Homem","Falta de Atenção à Condução","Queda de ocupante de veículo","Com Vítimas Feridas","Pleno dia","Céu Claro","Dupla","Reta","Rural",1,0,1,0,0,0,1,1,-21.8639,-45.5323
143090,2018-06-28 00:00:00.000,"quinta-feira",1899-12-30 07:15:00.000,"MG","40",517,"RIBEIRAO DAS NEVES","Homem","Falta de Atenção à Condução","Queda de ocupante de veículo","Com Vítimas Feridas","Pleno dia","Céu Claro","Dupla","Reta","Urbano",1,0,1,0,0,0,1,1,-19.8351,-44.08
145487,2018-07-09 00:00:00.000,"segunda-feira",1899-12-30 09:02:00.000,"MG","40",517,"CONTAGEM","Homem","Falta de Atenção à Condução","Queda de ocupante de veículo","Com Vítimas Feridas","Pleno dia","Céu Claro","Dupla","Reta","Rural",1,0,1,0,0,0,1,1,-19.8351,-44.08
149768,2018-07-29 00:00:00.000,"domingo",1899-12-30 22:57:00.000,"MG","262",367,"JUATUBA","Homem","Falta de Atenção à Condução","Queda de ocupante de veículo","Com Vítimas Feridas","Plena Noite","Céu Claro","Dupla","Reta","Rural",1,0,1,0,0,0,1,1,-19.9619,-44.3358
151342,2018-08-06 00:00:00.000,"segunda-feira",1899-12-30 12:00:00.000,"MG","153",148,"COMENDADOR GOMES","Homem","Falta de Atenção à Condução","Queda de ocupante de veículo","Com Vítimas Feridas","Pleno dia","Céu Claro","Simples","Reta","Rural",1,0,1,0,0,0,1,1,-19.63191683,-48.85070801
159421,2018-09-14 00:00:00.000,"sexta-feira",1899-12-30 14:35:00.000,"MG","116",707,"MURIAE","Homem","Falta de Atenção à Condução","Queda de ocupante de veículo","Com Vítimas Feridas","Pleno dia","Céu Claro","Simples","Reta","Rural",1,0,1,0,0,0,1,1,-21.14877437,-42.38278676
160946,2018-09-22 00:00:00.000,"sábado",1899-12-30 01:15:00.000,"MG","262",444,"NOVA SERRANA","Homem","Falta de Atenção à Condução","Queda de ocupante de veículo","Com Vítimas Feridas","Plena Noite","Céu Claro","Dupla","Reta","Rural",1,0,1,0,0,0,1,1,-19.880623,-44.912323
163362,2018-10-04 00:00:00.000,"quinta-feira",1899-12-30 15:15:00.000,"MG","116",411,"GOVERNADOR VALADARES","Homem","Falta de Atenção à Condução","Queda de ocupante de veículo","Com Vítimas Feridas","Pleno dia","Céu Claro","Dupla","Reta","Urbano",1,0,1,0,0,0,1,1,-18.861876,-41.97448517
165924,2018-10-16 00:00:00.000,"terça-feira",1899-12-30 22:15:00.000,"MG","40",527,"CONTAGEM","Homem","Falta de Atenção à Condução","Queda de ocupante de veículo","Com Vítimas Feridas","Plena Noite","Céu Claro","Simples","Reta","Urbano",1,0,1,0,0,0,1,1,-19.9105,-44.0427
176998,2018-12-09 00:00:00.000,"domingo",1899-12-30 18:30:00.000,"MG","381",943,"EXTREMA","Homem","Falta de Atenção à Condução","Queda de ocupante de veículo","Com Vítimas Feridas","Anoitecer","Céu Claro","Dupla","Reta","Rural",1,0,1,0,0,0,1,1,-22.8463,-46.3322
179525,2018-12-20 00:00:00.000,"quinta-feira",1899-12-30 16:45:00.000,"MG","50",171,"UBERABA","Homem","Falta de Atenção à Condução","Queda de ocupante de veículo","Com Vítimas Feridas","Pleno dia","Céu Claro","Dupla","Reta","Urbano",1,0,1,0,0,0,1,1,-19.7707,-47.9739
184063,2019-01-08 00:00:00.000,"terça-feira",1899-12-30 17:30:00.000,"MG","381",479,"CONTAGEM","Homem","Falta de Atenção à Condução","Queda de ocupante de veículo","Com Vítimas Feridas","Pleno dia","Céu Claro","Dupla","Reta","Urbano",1,0,1,0,0,0,1,1,-19.961,-44.0517
186006,2019-01-18 00:00:00.000,"sexta-feira",1899-12-30 18:40:00.000,"MG","40",510,"RIBEIRAO DAS NEVES","Homem","Falta de Atenção à Condução","Queda de ocupante de veículo","Com Vítimas Feridas","Pleno dia","Céu Claro","Dupla","Reta","Rural",1,0,1,0,0,0,1,1,-19.7844,-44.1152
188300,2019-01-30 00:00:00.000,"quarta-feira",1899-12-30 11:30:00.000,"MG","40",768,"JUIZ DE FORA","Homem","Falta de Atenção à Condução","Queda de ocupante de veículo","Com Vítimas Feridas","Pleno dia","Céu Claro","Simples","Reta","Rural",1,0,1,0,0,0,1,1,-21.6108,-43.4574
194335,2019-03-01 00:00:00.000,"sexta-feira",1899-12-30 14:10:00.000,"MG","116",277,"TEOFILO OTONI","Homem","Falta de Atenção à Condução","Queda de ocupante de veículo","Com Vítimas Feridas","Pleno dia","Céu Claro","Simples","Reta","Urbano",1,0,1,0,0,0,1,1,-17.86187,-41.51498
195275,2019-03-05 00:00:00.000,"terça-feira",1899-12-30 18:55:00.000,"MG","50",53,"ARAGUARI","Homem","Falta de Atenção à Condução","Queda de ocupante de veículo","Com Vítimas Feridas","Plena Noite","Céu Claro","Dupla","Reta","Rural",1,0,1,0,0,0,1,1,-18.75905,-48.24054
197929,2019-03-19 00:00:00.000,"terça-feira",1899-12-30 07:00:00.000,"MG","381",937,"EXTREMA","Homem","Falta de Atenção à Condução","Queda de ocupante de veículo","Com Vítimas Feridas","Pleno dia","Céu Claro","Dupla","Reta","Rural",1,0,1,0,0,0,1,1,-22.83555,-46.32087
204633,2019-04-21 00:00:00.000,"domingo",1899-12-30 09:20:00.000,"MG","365",653,"UBERLANDIA","Homem","Falta de Atenção à Condução","Queda de ocupante de veículo","Com Vítimas Feridas","Pleno dia","Céu Claro","Dupla","Reta","Rural",1,0,1,0,0,0,1,1,-18.86444,-48.58686
208099,2019-05-08 00:00:00.000,"quarta-feira",1899-12-30 15:45:00.000,"MG","265",447,"BOA ESPERANCA","Homem","Falta de Atenção à Condução","Queda de ocupante de veículo","Com Vítimas Feridas","Pleno dia","Céu Claro","Simples","Reta","Rural",1,0,1,0,0,0,1,1,-21.05666,-45.60702
210685,2019-05-20 00:00:00.000,"segunda-feira",1899-12-30 08:40:00.000,"MG","381",478,"CONTAGEM","Homem","Falta de Atenção à Condução","Queda de ocupante de veículo","Com Vítimas Feridas","Pleno dia","Céu Claro","Dupla","Reta","Urbano",1,0,1,0,0,0,1,1,-19.95826,-44.05921
214701,2019-06-09 00:00:00.000,"domingo",1899-12-30 07:20:00.000,"MG","381",423,"CAETE","Homem","Falta de Atenção à Condução","Queda de ocupante de veículo","Com Vítimas Feridas","Plena Noite","Céu Claro","Simples","Reta","Rural",1,0,1,0,0,0,1,1,-19.78973,-43.67223
216968,2019-06-20 00:00:00.000,"quinta-feira",1899-12-30 18:35:00.000,"MG","40",43,"PARACATU","Homem","Falta de Atenção à Condução","Queda de ocupante de veículo","Com Vítimas Feridas","Plena Noite","Céu Claro","Simples","Reta","Urbano",1,0,1,0,0,0,1,1,-17.22598,-46.86164
219645,2019-07-03 00:00:00.000,"quarta-feira",1899-12-30 13:20:00.000,"MG","381",484,"BETIM","Homem","Falta de Atenção à Condução","Queda de ocupante de veículo","Com Vítimas Feridas","Pleno dia","Céu Claro","Dupla","Reta","Rural",1,0,1,0,0,0,1,1,-19.95532,-44.11722
227134,2019-08-07 00:00:00.000,"quarta-feira",1899-12-30 03:00:00.000,"MG","381",848,"POUSO ALEGRE","Homem","Falta de Atenção à Condução","Queda de ocupante de veículo","Com Vítimas Feridas","Plena Noite","Céu Claro","Dupla","Reta","Rural",1,0,1,0,0,0,1,1,-22.26114,-45.8901
230124,2019-08-21 00:00:00.000,"quarta-feira",1899-12-30 07:20:00.000,"MG","381",496,"BETIM","Homem","Falta de Atenção à Condução","Queda de ocupante de veículo","Com Vítimas Feridas","Pleno dia","Céu Claro","Dupla","Reta","Rural",1,0,1,0,0,0,1,1,-19.99676,-44.209590000000013
230841,2019-08-24 00:00:00.000,"sábado",1899-12-30 18:25:00.000,"MG","365",413,"PATOS DE MINAS","Homem","Falta de Atenção à Condução","Queda de ocupante de veículo","Com Vítimas Feridas","Plena Noite","Céu Claro","Simples","Reta","Rural",1,0,1,0,0,0,1,1,-18.67418,-46.54413
231312,2019-08-27 00:00:00.000,"terça-feira",1899-12-30 18:30:00.000,"MG","381",484,"BETIM","Homem","Falta de Atenção à Condução","Queda de ocupante de veículo","Com Vítimas Feridas","Plena Noite","Céu Claro","Múltipla","Reta","Urbano",1,0,1,0,0,0,1,1,-19.95532,-44.11722
231783,2019-08-29 00:00:00.000,"quinta-feira",1899-12-30 16:40:00.000,"MG","50",176,"UBERABA","Homem","Falta de Atenção à Condução","Queda de ocupante de veículo","Com Vítimas Feridas","Pleno dia","Céu Claro","Dupla","Reta","Urbano",1,0,1,0,0,0,1,1,-19.7792,-47.96003
235084,2019-09-13 00:00:00.000,"sexta-feira",1899-12-30 06:50:00.000,"MG","381",478,"CONTAGEM","Homem","Falta de Atenção à Condução","Queda de ocupante de veículo","Com Vítimas Feridas","Pleno dia","Céu Claro","Dupla","Reta","Urbano",1,0,1,0,0,0,1,1,-19.96296,-44.04118
242995,2019-06-11 00:00:00.000,"terça-feira",1899-12-30 13:20:00.000,"MG","116",418,"GOVERNADOR VALADARES","Homem","Falta de Atenção à Condução","Queda de ocupante de veículo","Com Vítimas Feridas","Pleno dia","Céu Claro","Simples","Reta","Urbano",1,0,1,0,0,0,1,1,-18.91059,-41.94157
243037,2019-10-17 00:00:00.000,"quinta-feira",1899-12-30 17:40:00.000,"MG","381",296,"ANTONIO DIAS","Homem","Falta de Atenção à Condução","Queda de ocupante de veículo","Com Vítimas Feridas","Anoitecer","Céu Claro","Simples","Reta","Rural",1,0,1,0,0,0,1,1,-19.62698,-42.87082
244084,2019-10-20 00:00:00.000,"domingo",1899-12-30 15:07:00.000,"MG","262",89,"ABRE CAMPO","Homem","Falta de Atenção à Condução","Queda de ocupante de veículo","Com Vítimas Feridas","Pleno dia","Céu Claro","Simples","Reta","Rural",1,0,1,0,0,0,1,1,-20.33394,-42.4565
246712,2019-11-02 00:00:00.000,"sábado",1899-12-30 06:30:00.000,"MG","364",29,"FRUTAL","Homem","Falta de Atenção à Condução","Queda de ocupante de veículo","Com Vítimas Feridas","Pleno dia","Céu Claro","Simples","Reta","Rural",1,0,1,0,0,0,1,1,-20.01555,-48.91457
264968,2020-01-25 00:00:00.000,"sábado",1899-12-30 08:00:00.000,"MG","381",829,"SAO SEBASTIAO DA BELA VISTA","Homem","Falta de Atenção à Condução","Queda de ocupante de veículo","Com Vítimas Feridas","Pleno dia","Céu Claro","Dupla","Reta","Rural",1,0,1,0,0,0,1,1,-22.13939205,-45.81344194
264999,2020-01-25 00:00:00.000,"sábado",1899-12-30 11:00:00.000,"MG","381",752,"TRES CORACOES","Homem","Falta de Atenção à Condução","Queda de ocupante de veículo","Com Vítimas Feridas","Pleno dia","Céu Claro","Dupla","Reta","Rural",1,0,1,0,0,0,1,1,-21.67246754,-45.33430028
275180,2020-03-13 00:00:00.000,"sexta-feira",1899-12-30 18:30:00.000,"MG","40",516,"RIBEIRAO DAS NEVES","Homem","Falta de Atenção à Condução","Queda de ocupante de veículo","Com Vítimas Feridas","Plena Noite","Céu Claro","Dupla","Reta","Urbano",1,0,1,0,0,0,1,1,-19.81628624,-44.08960124
276838,2020-03-22 00:00:00.000,"domingo",1899-12-30 15:30:00.000,"MG","381",580,"CARMOPOLIS DE MINAS","Homem","Falta de Atenção à Condução","Queda de ocupante de veículo","Com Vítimas Feridas","Pleno dia","Céu Claro","Dupla","Reta","Rural",1,0,1,0,0,0,1,1,-20.50796117,-44.61144676
278376,2020-04-04 00:00:00.000,"sábado",1899-12-30 16:45:00.000,"MG","381",492,"BETIM","Homem","Falta de Atenção à Condução","Queda de ocupante de veículo","Com Vítimas Feridas","Pleno dia","Céu Claro","Dupla","Reta","Urbano",1,0,1,0,0,0,1,1,-19.97490091,-44.19004301
280415,2020-04-18 00:00:00.000,"sábado",1899-12-30 19:10:00.000,"MG","40",615,"CONGONHAS","Homem","Falta de Atenção à Condução","Queda de ocupante de veículo","Com Vítimas Feridas","Plena Noite","Céu Claro","Simples","Reta","Urbano",1,0,1,0,0,0,1,1,-20.53765999,-43.82077849
283271,2020-05-07 00:00:00.000,"quinta-feira",1899-12-30 13:10:00.000,"MG","262",584,"CAMPOS ALTOS","Homem","Falta de Atenção à Condução","Queda de ocupante de veículo","Com Vítimas Feridas","Pleno dia","Céu Claro","Simples","Reta","Rural",1,0,1,0,0,0,1,1,-19.65530504,-46.08642825
285168,2020-05-18 00:00:00.000,"segunda-feira",1899-12-30 20:00:00.000,"MG","40",437,"PARAOPEBA","Homem","Falta de Atenção à Condução","Queda de ocupante de veículo","Com Vítimas Feridas","Plena Noite","Céu Claro","Dupla","Reta","Rural",1,0,1,0,0,0,1,1,-19.23100428,-44.43562244
288099,2020-06-04 00:00:00.000,"quinta-feira",1899-12-30 15:50:00.000,"MG","40",522,"CONTAGEM","Homem","Falta de Atenção à Condução","Queda de ocupante de veículo","Com Vítimas Feridas","Pleno dia","Céu Claro","Dupla","Reta","Rural",1,0,1,0,0,0,1,1,-19.863873100000006,-44.06749809
290888,2020-06-19 00:00:00.000,"sexta-feira",1899-12-30 19:00:00.000,"MG","381",484,"BETIM","Homem","Falta de Atenção à Condução","Queda de ocupante de veículo","Com Vítimas Feridas","Plena Noite","Céu Claro","Dupla","Reta","Urbano",1,0,1,0,0,0,1,1,-19.95531717,-44.11722196
292634,2020-06-29 00:00:00.000,"segunda-feira",1899-12-30 15:14:00.000,"MG","153",226,"FRUTAL","Homem","Falta de Atenção à Condução","Queda de ocupante de veículo","Com Vítimas Feridas","Pleno dia","Céu Claro","Simples","Reta","Rural",1,0,1,0,0,0,1,1,-20.2035647,-49.13188037
295404,2020-07-14 00:00:00.000,"terça-feira",1899-12-30 14:30:00.000,"MG","381",479,"CONTAGEM","Homem","Falta de Atenção à Condução","Queda de ocupante de veículo","Com Vítimas Feridas","Pleno dia","Céu Claro","Múltipla","Reta","Urbano",1,0,1,0,0,0,1,1,-19.95889605,-44.069202
297530,2020-07-26 00:00:00.000,"domingo",1899-12-30 02:39:00.000,"MG","153",35,"CANAPOLIS","Homem","Falta de Atenção à Condução","Queda de ocupante de veículo","Com Vítimas Feridas","Plena Noite","Céu Claro","Dupla","Reta","Rural",1,0,1,0,0,0,1,1,-18.71634072,-49.12946978
297658,2020-07-26 00:00:00.000,"domingo",1899-12-30 16:50:00.000,"MG","40",463,"SETE LAGOAS","Homem","Falta de Atenção à Condução","Queda de ocupante de veículo","Com Vítimas Feridas","Pleno dia","Céu Claro","Dupla","Reta","Rural",1,0,1,0,0,0,1,1,-19.42224803,-44.33870213
298881,2020-08-02 00:00:00.000,"domingo",1899-12-30 00:45:00.000,"MG","381",859,"POUSO ALEGRE","Homem","Falta de Atenção à Condução","Queda de ocupante de veículo","Com Vítimas Feridas","Plena Noite","Céu Claro","Dupla","Reta","Rural",1,0,1,0,0,0,1,1,-22.35094091,-45.92749223
299763,2020-08-06 00:00:00.000,"quinta-feira",1899-12-30 08:55:00.000,"MG","40",531,"BELO HORIZONTE","Homem","Falta de Atenção à Condução","Queda de ocupante de veículo","Com Vítimas Feridas","Pleno dia","Céu Claro","Dupla","Reta","Urbano",1,0,1,0,0,0,1,1,-19.91962483,-44.02522683
300043,2020-08-07 00:00:00.000,"sexta-feira",1899-12-30 19:30:00.000,"MG","40",520,"CONTAGEM","Homem","Falta de Atenção à Condução","Queda de ocupante de veículo","Com Vítimas Feridas","Plena Noite","Céu Claro","Dupla","Reta","Rural",1,0,1,0,0,0,1,1,-19.84761911,-44.07276144
300406,2020-08-09 00:00:00.000,"domingo",1899-12-30 13:15:00.000,"MG","40",713,"BARBACENA","Homem","Falta de Atenção à Condução","Queda de ocupante de veículo","Com Vítimas Feridas","Pleno dia","Céu Claro","Dupla","Reta","Rural",1,0,1,0,0,0,1,1,-21.24440412,-43.68834208
301336,2020-08-14 00:00:00.000,"sexta-feira",1899-12-30 06:00:00.000,"MG","381",773,"CAMPANHA","Homem","Falta de Atenção à Condução","Queda de ocupante de veículo","Com Vítimas Feridas","Pleno dia","Céu Claro","Dupla","Reta","Rural",1,0,1,0,0,0,1,1,-21.80014143,-45.46715288
307220,2020-09-11 00:00:00.000,"sexta-feira",1899-12-30 15:30:00.000,"MG","262",636,"IBIA","Homem","Falta de Atenção à Condução","Queda de ocupante de veículo","Com Vítimas Feridas","Pleno dia","Céu Claro","Simples","Reta","Rural",1,0,1,0,0,0,1,1,-19.57596485,-46.53911591
312468,2020-10-05 00:00:00.000,"segunda-feira",1899-12-30 20:10:00.000,"MG","40",224,"JOAO PINHEIRO","Homem","Falta de Atenção à Condução","Queda de ocupante de veículo","Com Vítimas Feridas","Plena Noite","Céu Claro","Simples","Reta","Rural",1,0,1,0,0,0,1,1,-17.97982641,-45.61733632